Store#_num,Store Location,Store Address Line 1,Store Address Line 2,Shipping Address Line 1,City,Province,Store Postal Code
1,"ALLISTON, ON",HWY # 89 WEST (110 YOUNG ST),P.O. BOX 460,"HWY # 89 WEST (110 YOUNG ST),  P.O. BOX 460",ALLISTON,ON,L9R 1P8
2,"ANTIGONISH, NS",133 CHURCH STREET,ANTIGONISH MALL,"133 CHURCH STREET,  ANTIGONISH MALL",ANTIGONISH,NS,B2G 2E3
3,"AMHERST, NS",152 ALBION STREET SOUTH,,152 ALBION STREET SOUTH,AMHERST,NS,B4H 4H4
4,"ARNPRIOR, ON",375 DANIEL ST. SOUTH,,375 DANIEL ST. SOUTH,ARNPRIOR,ON,K7S 3K6
5,"BANCROFT, ON",341 HASTINGS STREET NORTH,BOX 130,"341 HASTINGS STREET NORTH,  BOX 130",BANCROFT,ON,K0L 1C0
6,"BARRIE, ON",320 BAYFIELD STREET,UNIT M103,"320 BAYFIELD STREET,  UNIT M103",BARRIE,ON,L4M 3C1
7,"BELLEVILLE, ON",101 BELL BLVD.,,101 BELL BLVD.,BELLEVILLE,ON,K8P 4V2
8,"BLENHEIM, ON",20215 CHATHAM STREET N,,20215 CHATHAM STREET N,BLENHEIM,ON,N0P 1A0
9,"LANGELIER, QC","6565, RUE JEAN-TALON EST",,"6565, RUE JEAN-TALON EST",ST. LEONARD,QC,H1S 1N2
10,"BRAMPTON SHOPPERS WORLD, ON",499 MAIN STREET S,SHOPPERS WORLD MALL,"499 MAIN STREET S,  SHOPPERS WORLD MALL",BRAMPTON,ON,L6Y 1N7
11,"BATHURST, NB",520 ST. PETER AVENUE,,520 ST. PETER AVENUE,BATHURST,NB,E2A 2Y7
13,"BRIDGEWATER, NS",1-16 PINE GROVE ROAD,,1-16 PINE GROVE ROAD,COOKVILLE,NS,B4V 7P7
14,"BROCKVILLE, ON",2360 PARKEDALE AVENUE,,2360 PARKEDALE AVENUE,BROCKVILLE,ON,K6V 7J5
15,"BUCKINGHAM, QC",170 AVENUE LEPINE,,170 AVENUE LEPINE,BUCKINGHAM,QC,J8L 4M4
16,"ATHOLVILLE, NB",384 OLD VAL D'AMOUR ROAD,,384 OLD VAL D'AMOUR ROAD,ATHOLVILLE,NB,E3N 4E3
17,"CAMPBELLFORD, ON",130 GRAND ROAD,,130 GRAND ROAD,CAMPBELLFORD,ON,K0L 1L0
18,"CARLETON PLACE, ON",485 MCNEELY AVE.,,485 MCNEELY AVE.,CARLETON PLACE,ON,K7C 4S6
19,"LAWRENCE & ALLEN EXPWY, ON",700 LAWRENCE AVENUE WEST,,700 LAWRENCE AVENUE WEST,TORONTO,ON,M6A 3B4
20,"CHARLOTTETOWN, PEI",20 BABINEAU AVENUE,,20 BABINEAU AVENUE,CHARLOTTETOWN,PE,C1A 0G1
21,"CHATHAM, ON",575 GRAND AVENUE WEST,,575 GRAND AVENUE WEST,CHATHAM,ON,N7L 1C5
22,"ESPANOLA, ON",801 CENTRE STREET,,801 CENTRE STREET,ESPANOLA,ON,P5E 1N2
23,"COBOURG, ON",1125 ELGIN ST. WEST (HWY #2),,1125 ELGIN ST. WEST (HWY #2),COBOURG,ON,K9A 5T9
24,"COCHRANE, ON",201 HIGHWAY 11 WEST,BOX 1058,"201 HIGHWAY 11 WEST,  BOX 1058",COCHRANE,ON,P0L 1C0
25,"DIGBY, NS",112 WARWICK STREET,,112 WARWICK STREET,DIGBY,NS,B0V 1A0
26,"CORNWALL, ON",201 NINTH STREET EAST,,201 NINTH STREET EAST,CORNWALL,ON,K6H 2V1
27,"DUNDAS, ON",119 OSLER DRIVE,,119 OSLER DRIVE,DUNDAS,ON,L9H 6X4
29,"DUNNVILLE, ON",1002 BROAD ST. E.,,1002 BROAD ST. E.,DUNNVILLE,ON,N1A 2Z2
30,"WARDEN & EGLINTON, ON",1901 EGLINTON AVENUE EAST,,1901 EGLINTON AVENUE EAST,TORONTO,ON,M1L 2L8
31,"CENTRE WELLINGTON, ON",950 TOWER STREET SOUTH,,950 TOWER STREET SOUTH,FERGUS,ON,N1M 3N7
32,"FOREST, ON",84 UNION STREET,BOX 730,"84 UNION STREET,  BOX 730",FOREST,ON,N0N 1J0
33,"FORT ERIE, ON",240 GARRISON ROAD,,240 GARRISON ROAD,FORT ERIE,ON,L2A 1M7
34,"THUNDER BAY SOUTH, ON",1221 ARTHUR STREET WEST,,1221 ARTHUR STREET WEST,THUNDER BAY,ON,P7K 1A7
35,"FREDERICTON, NB",1110 SMYTHE STREET,,1110 SMYTHE STREET,FREDERICTON,NB,E3B 3H6
36,"CAMBRIDGE, ON",75 DUNDAS STREET,HIGHLAND SHOPPING CENTRE,"75 DUNDAS STREET,  HIGHLAND SHOPPING CENTRE",CAMBRIDGE,ON,N1R 6G5
37,"GANANOQUE, ON",705 KING STREET EAST,,705 KING STREET EAST,GANANOQUE,ON,K7G 1H4
38,"FENELON FALLS, ON",160 LINDSAY STREET,P.O. BOX 208,"160 LINDSAY STREET,  P.O. BOX 208",FENELON FALLS,ON,K0M 1N0
39,"GODERICH, ON","35430 HURON ROAD, HWY 8",,"35430 HURON ROAD, HWY 8",GODERICH,ON,N7A 3X8
40,"GRIMSBY, ON",44 LIVINGSTONE AVENUE,GRIMSBY SQUARE PLAZA,"44 LIVINGSTONE AVENUE,  GRIMSBY SQUARE PLAZA",GRIMSBY,ON,L3M 1L1
41,"DARTMOUTH CROSSING, NS",30 LAMONT TERRACE,,30 LAMONT TERRACE,DARTMOUTH,NS,B3B 0B5
42,"GUELPH STONE RD, ON",127 STONE ROAD WEST,,127 STONE ROAD WEST,GUELPH,ON,N1G 5G4
43,"PARIS, ON",300 GRAND RIVER ST NORTH,,300 GRAND RIVER ST NORTH,PARIS,ON,N3L 3R7
44,"HALIFAX, NS",6203 QUINPOOL ROAD,,6203 QUINPOOL ROAD,HALIFAX,NS,B3L 4P6
45,"HAMILTON MAIN, ON",304 MAIN STREET EAST,,304 MAIN STREET EAST,HAMILTON,ON,L8N 1H9
46,"HANOVER, ON",896 10TH STREET,,896 10TH STREET,HANOVER,ON,N4N 3P2
47,"HUNTSVILLE, ON",77 KING WILLIAM STREET,,77 KING WILLIAM STREET,HUNTSVILLE,ON,P1H 1E5
48,"INGERSOLL, ON",98 MUTUAL STREET SOUTH,,98 MUTUAL STREET SOUTH,INGERSOLL,ON,N5C 1S5
49,"CALEDONIA, ON",365 ARGYLE STREET SOUTH,,365 ARGYLE STREET SOUTH,CALEDONIA,ON,N3W 1Z2
51,"KINCARDINE, ON",811 DURHAM STREET,,811 DURHAM STREET,KINCARDINE,ON,N2Z 3B8
52,"KIRKLAND LAKE, ON",146 GOVERNMENT RD. WEST,,146 GOVERNMENT RD. WEST,KIRKLAND LAKE,ON,P2N 2E9
53,"KITCHENER SOUTH, ON",385 FAIRWAY ROAD S.,,385 FAIRWAY ROAD S.,KITCHENER,ON,N2C 2N9
54,"NEW MINAS, NS",9212 COMMERCIAL STREET,,9212 COMMERCIAL STREET,NEW MINAS,NS,B4N 5J5
55,"LEAMINGTON, ON",262 ERIE STREET SOUTH,,262 ERIE STREET SOUTH,LEAMINGTON,ON,N8H 3C5
56,"LINDSAY, ON",377 KENT ST. WEST,BOX 240,"377 KENT ST. WEST,  BOX 240",LINDSAY,ON,K9V 2Z7
57,"LISTOWEL, ON",500 MITCHELL ROAD SOUTH,,500 MITCHELL ROAD SOUTH,LISTOWEL,ON,N4W 3G7
58,"LONDON SOUTH, ON",1125 WELLINGTON ROAD,,1125 WELLINGTON ROAD,LONDON,ON,N6E 1M1
61,"MIDLAND, ON",9303 COUNTY ROAD 93,HUGEL AVENUE,"9303 COUNTY ROAD 93,  HUGEL AVENUE",MIDLAND,ON,L4R 4K4
62,"GRAVENHURST, ON",431 TALISMAN DR.,,431 TALISMAN DR.,GRAVENHURST,ON,P1P 0A7
63,"MONCTON DIEPPE, NB",500 REGIS STREET,,500 REGIS STREET,DIEPPE,NB,E1A 5T2
64,"MONTREAL CREMAZIE & PAPINEAU, QC",2225 BOUL. CREMAZIE EST,,2225 BOUL. CREMAZIE EST,MONTREAL,QC,H1Z 4N4
65,"NAPANEE, ON",476 CENTRE STREET NORTH,NAPANEE MALL,"476 CENTRE STREET NORTH,  NAPANEE MALL",NAPANEE,ON,K7R 1P8
66,"MOUNT FOREST, ON",101 MOUNT FOREST DRIVE,,101 MOUNT FOREST DRIVE,MOUNT FOREST,ON,N0G 2L2
67,"NEW GLASGOW, NS",699 WESTVILLE ROAD,HIGHLAND SQ. MALL,"699 WESTVILLE ROAD,  HIGHLAND SQ. MALL",NEW GLASGOW,NS,B2H 2J6
68,"NEW LISKEARD, ON",997431 HWY #11 NORTH,,997431 HWY #11 NORTH,NEW LISKEARD,ON,P0J 1P0
69,"NEWMARKET, ON",17750 YONGE STREET,,17750 YONGE STREET,NEWMARKET,ON,L3Y 8P4
70,"THE QUEENSWAY, ON",1608 THE QUEENSWAY,,1608 THE QUEENSWAY,ETOBICOKE,ON,M8Z 1V1
71,"NIAGARA FALLS NORTH, ON",7190 MORRISON STREET,,7190 MORRISON STREET,NIAGARA FALLS,ON,L2E 7K5
72,"NORTH BAY, ON",890 MCKEOWN AVENUE,,890 MCKEOWN AVENUE,NORTH BAY,ON,P1B 8M1
73,"ORANGEVILLE, ON",99 FIRST STREET,,99 FIRST STREET,ORANGEVILLE,ON,L9W 2E8
74,"ORILLIA, ON",1017 BRODIE DRIVE,,1017 BRODIE DRIVE,ORILLIA,ON,L3V 7X6
75,"OSHAWA MID, ON",441 GIBB STREET,,441 GIBB STREET,OSHAWA,ON,L1J 1Z4
77,"OWEN SOUND, ON",1605 16TH STREET EAST,,1605 16TH STREET EAST,OWEN SOUND,ON,N4K 5N3
78,"PARRY SOUND, ON",30 PINE DRIVE,,30 PINE DRIVE,PARRY SOUND,ON,P2A 3B8
79,"PEMBROKE, ON",1104 PEMBROKE STREET EAST,,1104 PEMBROKE STREET EAST,PEMBROKE,ON,K8A 8S2
80,"PERTH, ON",45 DUFFERIN STREET,,45 DUFFERIN STREET,PERTH,ON,K7H 3A5
81,"PETERBOROUGH, ON",1200 LANDSDOWNE ST. WEST,,1200 LANDSDOWNE ST. WEST,PETERBOROUGH,ON,K9J 2A1
82,"PICTON, ON",13321 LOYALIST PARKWAY,BOX 6005,"13321 LOYALIST PARKWAY,  BOX 6005",PICTON,ON,K0K 2T0
83,"THUNDER BAY CENTER, ON",939 FORT WILLIAM ROAD,,939 FORT WILLIAM ROAD,THUNDER BAY,ON,P7B 3A6
85,"PRESCOTT, ON",140 PRESCOTT CENTRE DRIVE,P.O. BOX 2389,"140 PRESCOTT CENTRE DRIVE,  P.O. BOX 2389",PRESCOTT,ON,K0E 1T0
86,"RENFREW, ON",1050 O'BRIEN ROAD,,1050 O'BRIEN ROAD,RENFREW,ON,K7V 0B4
87,"RICHMOND HILL, ON",250 SILVER LINDEN DRIVE,,250 SILVER LINDEN DRIVE,RICHMOND HILL,ON,L4B 4W7
89,"ROUYN, QC",245 BOULEVARD RIDEAU,,245 BOULEVARD RIDEAU,ROUYN-NORANDA,QC,J9X 5Y6
90,"ST. CATHARINES, ON",431 LOUTH STREET,,431 LOUTH STREET,ST. CATHARINES,ON,L2S 4A2
91,"ST. MARYS, ON",84 WELLINGTON STREET SOUTH,BOX 2070,"84 WELLINGTON STREET SOUTH,  BOX 2070",ST. MARYS,ON,N4X 1C3
92,"ST. THOMAS, ON",1063 TALBOT STREET,UNIT 25,"1063 TALBOT STREET,  UNIT 25",ST. THOMAS,ON,N5P 1G4
93,"EDMUNDSTON, NB",590 VICTORIA STREET,,590 VICTORIA STREET,EDMUNDSTON,NB,E3V 3N1
94,"SARNIA, ON",1380 LONDON ROAD,LAMBTON MALL,"1380 LONDON ROAD,  LAMBTON MALL",SARNIA,ON,N7S 1P8
95,"SAULT STE. MARIE, ON",200 MCNABB STREET,,200 MCNABB STREET,SAULT STE. MARIE,ON,P6B 1Y4
96,"SHERBROOKE, QC","4100, BOUL. JOSAPHAT-RANCOURT",,"4100, BOUL. JOSAPHAT-RANCOURT",SHERBROOKE,QC,J1L 3C6
97,"SIMCOE, ON",142 QUEENSWAY EAST,SIMCOE MALL,"142 QUEENSWAY EAST,  SIMCOE MALL",SIMCOE,ON,N3Y 4Y7
98,"SMITHS FALLS, ON",10 FERRARA DRIVE,HIGHWAY 15,"10 FERRARA DRIVE,  HIGHWAY 15",SMITHS FALLS,ON,K7A 5K4
99,"SHAWVILLE, QC",431 148 ROUTE,,431 148 ROUTE,SHAWVILLE,QC,J0X 2Y0
100,"SWIFT CURRENT, SK",1811 MEMORIAL DRIVE,,1811 MEMORIAL DRIVE,SWIFT CURRENT,SK,S9H 5B7
101,"QUEBEC VANIER, QC","630, BOUL. WILFRID-HAMEL",,"630, BOUL. WILFRID-HAMEL",QUEBEC,QC,G1M 3P9
102,"STURGEON FALLS, ON",12011 HWY 17 EAST,,12011 HWY 17 EAST,STURGEON FALLS,ON,P2B 2S7
103,"STRATFORD, ON",1093 ONTARIO STREET,,1093 ONTARIO STREET,STRATFORD,ON,N5A 6W6
104,"STRATHROY, ON",24614 ADELAIDE ROAD,,24614 ADELAIDE ROAD,STRATHROY,ON,N7G 2P8
106,"SUSSEX, NB",138 MAIN STREET,GATEWAY MALL,"138 MAIN STREET,  GATEWAY MALL",SUSSEX,NB,E4E 3E1
107,"SYDNEY, NS",49 SYDNEY PORT ACCESS ROAD,,49 SYDNEY PORT ACCESS ROAD,SYDNEY,NS,B1P 7J1
108,"COLLINGWOOD, ON",89 BALSAM STREET,,89 BALSAM STREET,COLLINGWOOD,ON,L9Y 3Y6
109,"CAP-DE-LA-MADELEINE, QC",350 RUE BARKOFF,,350 RUE BARKOFF,TROIS RIVIERES,QC,G8T 9P5
110,"TILLSONBURG, ON",248 BROADWAY STREET,,248 BROADWAY STREET,TILLSONBURG,ON,N4G 3R4
111,"TIMMINS, ON",2199 RIVERSIDE DRIVE,,2199 RIVERSIDE DRIVE,TIMMINS,ON,P4R 0A1
112,"TRENTON, ON",285 DUNDAS ST. E.,,285 DUNDAS ST. E.,TRENTON,ON,K8V 1M1
113,"TRURO, NS",90 ROBIE STREET,FUNDY TRAIL MALL,"90 ROBIE STREET,  FUNDY TRAIL MALL",TRURO,NS,B2N 1L1
114,"VAL D'OR, QC",1806 3RD AVENUE,,1806 3RD AVENUE,VAL D'OR,QC,J9P 7A9
115,"VALLEYFIELD, QC",1770 BOUL. MONSEIGNEUR-LANGLOIS,,1770 BOUL. MONSEIGNEUR-LANGLOIS,SALABERRY-DE-VALLEYFIELD,QC,J6S 5R1
117,"VERDUN, QC",3180 RUE WELLINGTON,,3180 RUE WELLINGTON,VERDUN,QC,H4G 1T3
118,"WELLAND, ON",158 PRIMEWAY DRIVE,,158 PRIMEWAY DRIVE,WELLAND,ON,L3B 0A1
119,"WESTON ROAD & 401, ON",2625B WESTON ROAD,,2625B WESTON ROAD,NORTH YORK,ON,M9N 3W1
120,"MORRISBURG, ON",12329 COUNTY RD 2,,12329 COUNTY RD 2,MORRISBURG,ON,K0C 1X0
121,"WINDSOR UNIVERSITY PLAZA, ON",2650 TECUMSEH RD WEST,UNIVERSITY PLAZA,"2650 TECUMSEH RD WEST,  UNIVERSITY PLAZA",WINDSOR,ON,N9B 3R1
122,"BURLINGTON FAIRVIEW, ON",777 GUELPH LINE,,777 GUELPH LINE,BURLINGTON,ON,L7R 3N2
124,"WOODSTOCK, ON",465 NORWICH AVENUE,,465 NORWICH AVENUE,WOODSTOCK,ON,N4S 9A2
125,"YARMOUTH, NS",120 STARRS ROAD,,120 STARRS ROAD,YARMOUTH,NS,B5A 4T3
126,"YONGE & STEELES, ON",6310 YONGE STREET,CENTREPOINT MALL,"6310 YONGE STREET,  CENTREPOINT MALL",WILLOWDALE,ON,M2M 3X4
127,"UXBRIDGE, ON",327 TORONTO STREET SOUTH,,327 TORONTO STREET SOUTH,UXBRIDGE,ON,L9P 1Z7
128,"PORT COLBORNE, ON",287 WEST SIDE ROAD,PORT COLBORNE MALL,"287 WEST SIDE ROAD,  PORT COLBORNE MALL",PORT COLBORNE,ON,L3K 5L2
129,"HAMILTON CENTRE, ON",1283 BARTON ST. E.,HAMILTON CENTRE MALL,"1283 BARTON ST. E.,  HAMILTON CENTRE MALL",HAMILTON,ON,L8H 2V4
130,"LONDON EAST, ON",1975 DUNDAS STREET,,1975 DUNDAS STREET,LONDON,ON,N5V 4Y5
131,"SHAWINIGAN, QC",1555 RUE TRUDEL,,1555 RUE TRUDEL,SHAWINIGAN,QC,G9N 8K8
132,"SUMMERSIDE, PEI",474 GRANVILLE STREET,,474 GRANVILLE STREET,SUMMERSIDE,PE,C1N 4K6
133,"SASKATOON EAST, SK",1731 PRESTON AVENUE NORTH,,1731 PRESTON AVENUE NORTH,SASKATOON,SK,S7N 4V2
134,"KESWICK, ON",24270 WOODBINE AVENUE,,24270 WOODBINE AVENUE,KESWICK,ON,L4P 3E9
135,"WALLACEBURG, ON",74 MCNAUGHTON AVENUE,,74 MCNAUGHTON AVENUE,WALLACEBURG,ON,N8A 1R9
136,"MIRAMICHI, NB",2491 KING GEORGE HWY,BRIDGEVIEW PLAZA,"2491 KING GEORGE HWY,  BRIDGEVIEW PLAZA",MIRAMICHI,NB,E1V 6W3
137,"WOODSTOCK, NB",388 CONNELL STREET,,388 CONNELL STREET,WOODSTOCK,NB,E7M 5G9
138,"GRANBY, QC","70, RUE SIMONDS NORD",,"70, RUE SIMONDS NORD",GRANBY,QC,J2J 2L1
139,"KITCHENER EAST, ON",1080 VICTORIA ST. N.,,1080 VICTORIA ST. N.,KITCHENER,ON,N2B 3C4
140,"MILTON, ON",1210 STEELES AVE EAST,,1210 STEELES AVE EAST,MILTON,ON,L9T 6R1
141,"EXETER, ON",100 THAMES ROAD EAST,,100 THAMES ROAD EAST,EXETER,ON,N0M 1S3
142,"AYLMER, ON",605 JOHN ST NORTH (OLD HWY 73),,605 JOHN ST NORTH (OLD HWY 73),AYLMER,ON,N5H 2B6
143,"OAKVILLE, ON",1100 KERR STREET,,1100 KERR STREET,OAKVILLE,ON,L6M 0L4
144,"ST. JOHN'S HEBRON WAY, NL",40 HEBRON WAY,,40 HEBRON WAY,ST. JOHN'S,NL,A1A 0L9
145,"ST. CATHARINES S., ON",300 GLENDALE AVENUE,,300 GLENDALE AVENUE,ST. CATHARINES,ON,L2T 2L5
146,"ESTEVAN, SK",200 KING STREET,,200 KING STREET,ESTEVAN,SK,S4A 2W4
147,"CHATEAUGUAY, QC",140 BLVD. D'ANJOU,,140 BLVD. D'ANJOU,CHATEAUGUAY,QC,J6K 1C4
148,"SOREL & TRACY, QC",280 BOUL. FISET,,280 BOUL. FISET,SOREL-TRACY,QC,J3P 5X7
149,"KIRKLAND, QC",16821 ROUTE TRANSCANADIENNE,,16821 ROUTE TRANSCANADIENNE,KIRKLAND,QC,H9H 5J1
150,"TORONTO, YONGE & CHURCH, ON",839 YONGE ST. (AT DAVENPORT),,839 YONGE ST. (AT DAVENPORT),TORONTO,ON,M4W 2H2
151,"ST. HYACINTHE, QC",5930 RUE MARTINEAU,,5930 RUE MARTINEAU,ST. HYACINTHE,QC,J2R 2H6
152,"MISS. DIXIE & DUNDAS, ON",1156 DUNDAS STREET EAST,,1156 DUNDAS STREET EAST,MISSISSAUGA,ON,L4Y 2C1
153,"ST. JEAN-SUR-RICHELIEU, QC",855 BOUL. DU SEMINAIRE NORD,,855 BOUL. DU SEMINAIRE NORD,ST. JEAN-SUR-RICHELIEU,QC,J3A 1J2
154,"STONEY CREEK, ON",686 QUEENSTON ROAD,,686 QUEENSTON ROAD,HAMILTON,ON,L8G 1A3
155,"LAVAL, STE-DOROTHEE, QC",500 CHOMEDEY (A-13) OUEST,STE DOROTHEE,"500 CHOMEDEY (A-13) OUEST,  STE DOROTHEE",LAVAL,QC,H7X 3S9
156,"THETFORD MINES, QC",70 BOUL. FRONTENAC EST,,70 BOUL. FRONTENAC EST,THETFORD MINES,QC,G6G 1N4
157,"HAWKESBURY, ON",1525 CAMERON STREET,,1525 CAMERON STREET,HAWKESBURY,ON,K6A 3R3
158,"DRUMMONDVILLE, QC",715 BOUL ST-JOSEPH,,715 BOUL ST-JOSEPH,DRUMMONDVILLE,QC,J2C 7V2
159,"GEORGETOWN, ON",315 GUELPH STREET,,315 GUELPH STREET,GEORGETOWN,ON,L7G 4B3
160,"AJAX, ON",250 KINGSTON ROAD E.,,250 KINGSTON ROAD E.,AJAX,ON,L1Z 1G1
162,"ST. CATHARINES N., ON",459 WELLAND AVENUE,,459 WELLAND AVENUE,ST. CATHARINES,ON,L2M 5V2
164,"MARKHAM, ON",2900 MAJOR MACKENZIE DRIVE EAST,,2900 MAJOR MACKENZIE DRIVE EAST,MARKHAM,ON,L6C 0G6
165,"LEVIS, QC",100 ROUTE DU PRESIDENT-KENNEDY,,100 ROUTE DU PRESIDENT-KENNEDY,LEVIS,QC,G6V 6C9
167,"ELLIOT LAKE, ON",50 HILLSIDE DR. SOUTH,,50 HILLSIDE DR. SOUTH,ELLIOT LAKE,ON,P5A 1M7
168,"CAMBRIDGE HESPELER, ON",65 PINEBUSH ROAD,,65 PINEBUSH ROAD,CAMBRIDGE,ON,N1R 8P3
169,"MEADOWVALE, ON",6670 MEADOWVALE TOWN CENTRE CIRCLE,,6670 MEADOWVALE TOWN CENTRE CIRCLE,MISSISSAUGA,ON,L5N 4B7
170,"BOWMANVILLE, ON",2000 GREEN ROAD,,2000 GREEN ROAD,BOWMANVILLE,ON,L1C 3K7
172,"ESSEX, ON","300 MAIDSTONE AVE. WEST, RR 2",,"300 MAIDSTONE AVE. WEST, RR 2",ESSEX,ON,N8M 2X6
173,"ST. GEORGES, QC","500, 107E RUE",,"500, 107E RUE",ST. GEORGES DE BEAUCE,QC,G5Y 8K1
174,"OTTAWA EAST, ON",330 COVENTRY ROAD,,330 COVENTRY ROAD,OTTAWA,ON,K1K 4S3
175,"SCARBOROUGH, ON",3553 LAWRENCE AVENUE EAST,,3553 LAWRENCE AVENUE EAST,SCARBOROUGH,ON,M1H 1B2
176,"HULL, QC",355 BOUL DE LA CARRIERE,,355 BOUL DE LA CARRIERE,GATINEAU (SECTEUR HULL),QC,J8Y 6W4
177,"HAMILTON MT.WEST, ON",777 UPPER JAMES ST. S.,,777 UPPER JAMES ST. S.,HAMILTON,ON,L9C 3A1
178,"KAPUSKASING, ON",25 BRUNETVILLE ROAD,,25 BRUNETVILLE ROAD,KAPUSKASING,ON,P5N 2E9
179,"FORT FRANCES, ON",1000 KINGS HWY,,1000 KINGS HWY,FORT FRANCES,ON,P9A 2X6
180,"MONTMAGNY, QC","488, AVENUE SAINT-DAVID",,"488, AVENUE SAINT-DAVID",MONTMAGNY,QC,G5V 4P9
181,"ILE PERROT, QC","101, BOUL. CARDINAL-LEGER",FAUBOURG DE L'ILE,"101, BOUL. CARDINAL-LEGER,  FAUBOURG DE L'ILE",PINCOURT,QC,J7W 3Y3
182,"WEST TORONTO (STOCKYARDS), ON",2129 ST. CLAIR AVENUE WEST,,2129 ST. CLAIR AVENUE WEST,TORONTO,ON,M6N 5B4
184,"BEAUPORT, QC",705 RUE CLEMENCEAU,,705 RUE CLEMENCEAU,QUEBEC,QC,G1C 7T9
185,"CORNER BROOK, NL",4 MURPHY SQUARE,,4 MURPHY SQUARE,CORNER BROOK,NL,A2H 1R4
186,"HALIFAX - SPRYFIELD, NS",16 DENTITH ROAD,,16 DENTITH ROAD,HALIFAX,NS,B3R 2H9
187,"WHITBY, ON",155 CONSUMERS DRIVE,,155 CONSUMERS DRIVE,WHITBY,ON,L1N 1C4
188,"DRYDEN, ON",409 GOVERNMENT STREET,,409 GOVERNMENT STREET,DRYDEN,ON,P8N 2P4
189,"AURORA, ON",15400 BAYVIEW AVE,,15400 BAYVIEW AVE,AURORA,ON,L4G 7J1
190,"GREENFIELD PARK, QC","4909, BOUL. TASCHEREAU",,"4909, BOUL. TASCHEREAU",GREENFIELD PARK,QC,J4V 3K3
191,"GATINEAU, QC",700 BOUL MALONEY WEST,,700 BOUL MALONEY WEST,GATINEAU,QC,J8T 8K7
192,"SHEPPARD AVE., ON",1019 SHEPPARD AVENUE EAST,,1019 SHEPPARD AVENUE EAST,WILLOWDALE,ON,M2K 1C2
193,"DELHI, ON",308 JAMES STREET,,308 JAMES STREET,DELHI,ON,N4B 2B4
194,"HAMILTON MT.EAST, ON",2160 RYMAL RD EAST,,2160 RYMAL RD EAST,HANNON,ON,L0R 1P0
195,"KINGSTON, ON",59 BATH ROAD,,59 BATH ROAD,KINGSTON,ON,K7L 5G3
196,"MANIWAKI, QC",250 BLVD. DESJARDINS,,250 BLVD. DESJARDINS,MANIWAKI,QC,J9E 3G4
197,"BOLTON, ON",99 MCEWAN DRIVE EAST,,99 MCEWAN DRIVE EAST,BOLTON,ON,L7E 2Z7
198,"THOMPSON, MB",60 SELKIRK AVENUE,,60 SELKIRK AVENUE,THOMPSON,MB,R8N 0M8
199,"WINDSOR EAST, ON",8505 TECUMSEH ROAD EAST,,8505 TECUMSEH ROAD EAST,WINDSOR EAST,ON,N8R 1A1
200,"JOLIETTE, QC","1475 BOUL FIRESTONE,",,"1475 BOUL FIRESTONE,",JOLIETTE,QC,J6E 9E5
201,"NIPIGON, ON",191 FIRST STREET,,191 FIRST STREET,NIPIGON,ON,P0T 2J0
202,"NORTH SYDNEY, NS",21 BLOWERS STREET,,21 BLOWERS STREET,NORTH SYDNEY,NS,B2A 3S3
203,"STEINBACH, MB",131 PTH 12 NORTH,,131 PTH 12 NORTH,STEINBACH,MB,R5G 1T5
204,"KENORA, ON",1229 HIGHWAY #17 EAST,,1229 HIGHWAY #17 EAST,KENORA,ON,P9N 1L9
205,"GRAND FALLS-WINDSOR,NL",1 COHEN PLACE,,1 COHEN PLACE,GRAND FALLS-WINDSOR,NL,A2A 0E7
206,"BRACEBRIDGE, ON",450 MUSKOKA ROAD WEST,BOX 1260,"450 MUSKOKA ROAD WEST,  BOX 1260",BRACEBRIDGE,ON,P1L 1V4
208,"LONDON WEST, ON",3100 WONDERLAND ROAD SOUTH,,3100 WONDERLAND ROAD SOUTH,LONDON,ON,N6L 1A6
209,"KINGSTON RD, ON",2850 KINGSTON ROAD,,2850 KINGSTON ROAD,SCARBOROUGH,ON,M1M 1M7
210,"OTTAWA SOUTH, ON",1170 HERON ROAD,,1170 HERON ROAD,OTTAWA,ON,K1V 6B2
212,"BROOKS, AB",404 CASSILS ROAD WEST,CASSIL CENTRE MALL,"404 CASSILS ROAD WEST,  CASSIL CENTRE MALL",BROOKS,AB,T1R 0W3
213,"PORT HAWKESBURY, NS",625 REEVES STREET,,625 REEVES STREET,PORT HAWKESBURY,NS,B9A 2R8
214,"EGLINTON & CALEDONIA, TORONTO, ON",2360 EGLINTON AVENUE WEST,,2360 EGLINTON AVENUE WEST,TORONTO,ON,M6M 1S6
215,"TILBURY, ON",37 MILL STREET EAST,PO BOX 280,"37 MILL STREET EAST,  PO BOX 280",TILBURY,ON,N0P 2L0
216,"ST. JOHN'S WEST, NL",50 KELSEY DRIVE,,50 KELSEY DRIVE,ST. JOHN'S,NL,A1B 5C7
217,"CARBONEAR, NL",95 COLUMBUS DRIVE,,95 COLUMBUS DRIVE,CARBONEAR,NL,A1Y 1A6
218,"ST. EUSTACHE, QC",500 BOUL. ARTHUR-SAUVE,,500 BOUL. ARTHUR-SAUVE,ST. EUSTACHE,QC,J7R 4Z3
219,"GRAND FALLS, NB","383, CHEMIN MADAWASKA",,"383, CHEMIN MADAWASKA",GRAND FALLS,NB,E3Y 1A4
220,"WATERDOWN, ON",11 CLAPPISON AVE.,,11 CLAPPISON AVE.,WATERDOWN,ON,L8B 0Y2
221,"JONQUIERE, QC",2290 BLVD. RENE LEVESQUE,,2290 BLVD. RENE LEVESQUE,JONQUIERE,QC,G7S 5Y5
222,"REPENTIGNY, QC",115 BOUL. BRIEN,,115 BOUL. BRIEN,REPENTIGNY,QC,J6A 8J3
223,"WINNIPEG KENASTON, MB",1711 KENASTON BLVD.,,1711 KENASTON BLVD.,WINNIPEG,MB,R3Y 1V5
224,"HALIFAX - BEDFORD, NS",150 DAMASCUS ROAD,,150 DAMASCUS ROAD,BEDFORD,NS,B4A 0E5
225,"LAC MEGANTIC, QC",3642 RUE LAVAL,,3642 RUE LAVAL,LAC MEGANTIC,QC,G6B 1A4
226,"PORT PERRY, ON",14325 SIMCOE ST,,14325 SIMCOE ST,PORT PERRY,ON,L9L 2C8
227,"KEMPTVILLE, ON",311 RYANS WELL DRIVE,,311 RYANS WELL DRIVE,KEMPTVILLE,ON,K0G 1J0
228,"BELOEIL, QC",600 BOUL.SIR-WILFRID-LAURIER,,600 BOUL.SIR-WILFRID-LAURIER,BELOEIL,QC,J3G 4J2
229,"GLACE BAY, NS",130 RESERVE STREET,,130 RESERVE STREET,GLACE BAY,NS,B1A 4W5
230,"VILLE LA SALLE, QC","2221, BOUL. ANGRIGNON",,"2221, BOUL. ANGRIGNON",VILLE LA SALLE,QC,H8N 3E3
231,"LAVAL VIMONT, QC","4975, BOUL. ROBERT-BOURASSA",,"4975, BOUL. ROBERT-BOURASSA",LAVAL VIMONT,QC,H7E 0A4
232,"ST. STEPHEN, NB",250 KING STREET,,250 KING STREET,ST. STEPHEN,NB,E3L 2E5
233,"LA SARRE, QC",91 - 2EME RUE EST.,,91 - 2EME RUE EST.,LA SARRE,QC,J9Z 3J9
234,"DOLLARD DES ORMEAUX, QC",3079 BOUL DES SOURCES,,3079 BOUL DES SOURCES,DOLLARD DES ORMEAUX,QC,H9B 1Z6
235,"VILLE ST. LAURENT, QC",11200 BLVD CAVENDISH,,11200 BLVD CAVENDISH,VILLE ST. LAURENT,QC,H4R 2J7
236,"WINDSOR SOUTH, ON",4150 WALKER ROAD,,4150 WALKER ROAD,WINDSOR,ON,N8W 3T5
237,"WOODBRIDGE, ON",3850 HIGHWAY #7,,3850 HIGHWAY #7,WOODBRIDGE,ON,L4L 9C3
238,"ALEXANDRIA, ON",400 MAIN STREET SOUTH,,400 MAIN STREET SOUTH,ALEXANDRIA,ON,K0C 1A0
240,"MAGOG, QC",2135 RUE SHERBROOKE,,2135 RUE SHERBROOKE,MAGOG,QC,J1X 2T5
241,"MISSISSAUGA SOUTHDOWN, ON",900 SOUTHDOWN ROAD,,900 SOUTHDOWN ROAD,MISSISSAUGA,ON,L5J 2Y4
242,"REXDALE, ON",2025 KIPLING AVENUE,,2025 KIPLING AVENUE,REXDALE,ON,M9W 4J8
243,"VICTORIAVILLE, QC",571 BOUL. JUTRAS EST,,571 BOUL. JUTRAS EST,VICTORIAVILLE,QC,G6P 7H4
244,"CHELMSFORD, ON",1-3595 HIGHWAY 144,,1-3595 HIGHWAY 144,CHELMSFORD,ON,P0M 1L0
245,"QUEBEC STE. FOY, QC","1170, ROUTE DE L'EGLISE",,"1170, ROUTE DE L'EGLISE",QUEBEC,QC,G1V 3W7
247,"ST. LEONARD, QC",4250 RUE JEAN-TALON EST,CENTRE COMMERCIAL LE BOULEVARD,"4250 RUE JEAN-TALON EST,  CENTRE COMMERCIAL LE BOULEVARD",ST. LEONARD,QC,H1S 1J7
248,"WINNIPEG POLO PARK, MB",750 ST. JAMES STREET,,750 ST. JAMES STREET,WINNIPEG,MB,R3G 3J7
249,"MONCTON MOUNTAIN RD, NB",1380 MOUNTAIN ROAD,,1380 MOUNTAIN ROAD,MONCTON,NB,E1C 2T8
251,"WATERLOO, ON",400 WEBER STREET NORTH,,400 WEBER STREET NORTH,WATERLOO,ON,N2J 3J3
252,"WINNIPEG UNICITY SHOPPING CENTRE, MB",3615 PORTAGE AVENUE,,3615 PORTAGE AVENUE,WINNIPEG,MB,R3K 2G6
253,"DEEP RIVER, ON",33277 HWY 17 WEST,P.O. BOX 1480,"33277 HWY 17 WEST,  P.O. BOX 1480",DEEP RIVER,ON,K0J 1P0
254,"SAINT JOHN - WESTMORLAND ROAD, NB",400 WESTMORLAND ROAD,,400 WESTMORLAND ROAD,SAINT JOHN,NB,E2J 2G4
256,"LONGUEUIL, QC",2211 BOUL. ROLAND THERRIEN,,2211 BOUL. ROLAND THERRIEN,LONGUEUIL,QC,J4N 1P2
257,"STE. AGATHE DES MONTS, QC",50 BOUL. MORIN,,50 BOUL. MORIN,STE. AGATHE DES MONTS,QC,J8C 2V6
258,"OTTAWA MERIVALE, ON",1820 MERIVALE ROAD,,1820 MERIVALE ROAD,NEPEAN,ON,K2G 1E6
259,"GANDER, NL",132 BENNETT DRIVE,,132 BENNETT DRIVE,GANDER,NL,A1V 2H2
260,"GUELPH NORTH, ON",10 WOODLAWN ROAD,,10 WOODLAWN ROAD,GUELPH NORTH,ON,N1H 1G7
261,"GREENWOOD, NS",730 CENTRAL AVENUE,BOX 1360,"730 CENTRAL AVENUE,  BOX 1360",GREENWOOD,NS,B0P 1N0
262,"LACHUTE, QC","505, AVENUE BETHANY",,"505, AVENUE BETHANY",LACHUTE,QC,J8H 4A6
263,"MOOSE JAW, SK",1350 MAIN STREET NORTH,,1350 MAIN STREET NORTH,MOOSE JAW,SK,S6H 8B9
264,"AGINCOURT, ON",4630 SHEPPARD AVENUE EAST,,4630 SHEPPARD AVENUE EAST,SCARBOROUGH,ON,M1S 3V5
265,"BAIE-COMEAU, QC",650 RUE DE PARFONDEVAL,,650 RUE DE PARFONDEVAL,BAIE-COMEAU,QC,G5C 3R3
266,"WINNIPEG ST. BONIFACE, MB",157 VERMILLION ROAD,,157 VERMILLION ROAD,WINNIPEG,MB,R2J 3Z7
267,"MONTREAL NORD, QC",Z1-6000 BOUL. HENRI-BOURASSA  EST,,Z1-6000 BOUL. HENRI-BOURASSA  EST,MONTREAL NORD,QC,H1G 2T6
268,"CHICOUTIMI, QC",1257 BOUL. TALBOT,,1257 BOUL. TALBOT,CHICOUTIMI,QC,G7H 4C1
269,"PORT ELGIN, ON",5116 HWY 21,,5116 HWY 21,PORT ELGIN,ON,N0H 2C0
270,"WINNIPEG REGENT, MB",1519 REGENT AVENUE WEST,,1519 REGENT AVENUE WEST,WINNIPEG,MB,R2C 4M4
271,"ST. JEROME, QC",700 BOUL. MGR-DUBOIS,,700 BOUL. MGR-DUBOIS,ST. JEROME,QC,J7Y 4Y9
272,"OTTAWA BELLS CNRS, ON",2135 ROBERTSON ROAD,,2135 ROBERTSON ROAD,NEPEAN,ON,K2H 5Z2
273,"TORONTO MAIN & DANFORTH, ON",2681 DANFORTH AVENUE,,2681 DANFORTH AVENUE,TORONTO,ON,M4C 1L4
274,"COWANSVILLE, QC",145 RUE DE SALABERRY,,145 RUE DE SALABERRY,COWANSVILLE,QC,J2K 5G9
275,"REGINA NORTH ALBERT, SK",655 ALBERT STREET,,655 ALBERT STREET,REGINA,SK,S4R 2P4
277,"PORTAGE LA PRAIRIE, MB",2445 SASKATCHEWAN AVENUE WEST,,2445 SASKATCHEWAN AVENUE WEST,PORTAGE LA PRAIRIE,MB,R1N 4A6
278,"SUDBURY NORTH, ON",1485 LASALLE BLVD,,1485 LASALLE BLVD,SUDBURY,ON,P3A 5H7
279,"WAWA, ON",54 BROADWAY AVE.,BOX 1248,"54 BROADWAY AVE.,  BOX 1248",WAWA,ON,P0S 1K0
280,"STOUFFVILLE, ON",1090 HOOVER PARK DRIVE,,1090 HOOVER PARK DRIVE,STOUFFVILLE,ON,L4A 0K2
281,"AMHERSTBURG, ON",380 SANDWICH STREET SOUTH,,380 SANDWICH STREET SOUTH,AMHERSTBURG,ON,N9V 3B5
284,"DOLBEAU-MISTASSINI, QC",1751 BOUL. VEZINA,,1751 BOUL. VEZINA,DOLBEAU-MISTASSINI,QC,G8L 3S4
285,"AMOS, QC",281 ROUTE 111 EST,,281 ROUTE 111 EST,AMOS,QC,J9T 3A2
286,"BRANDON, MB",1655-18TH STREET,,1655-18TH STREET,BRANDON,MB,R7A 5C6
287,"YORKTON, SK",277 BROADWAY STREET EAST,,277 BROADWAY STREET EAST,YORKTON,SK,S3N 3G7
288,"EDMONTON WEST, AB",9909 178TH STREET,,9909 178TH STREET,EDMONTON,AB,T5T 6H6
289,"HALIFAX - LWR. SACKVILLE, NS",796 SACKVILLE DRIVE,DOWNSVIEW MALL,"796 SACKVILLE DRIVE,  DOWNSVIEW MALL",LOWER SACKVILLE,NS,B4E 1R7
290,"OTTAWA CARLING AVE, ON",1660 CARLING AVENUE,,1660 CARLING AVENUE,OTTAWA,ON,K2A 1C5
291,"LEWISPORTE, NL",425 MAIN STREET,,425 MAIN STREET,LEWISPORTE,NL,A0G 3A0
292,"MARCHE CENTRAL, QC","9050, BOUL. DE L'ACADIE",,"9050, BOUL. DE L'ACADIE",MONTREAL,QC,H4N 2S5
294,"ALBION & KIPLING, ON",1530 ALBION ROAD,,1530 ALBION ROAD,REXDALE,ON,M9V 1B4
296,"SASKATOON WEST, SK","300 CONFEDERATION DRIVE, UNIT #1",,"300 CONFEDERATION DRIVE, UNIT #1",SASKATOON WEST,SK,S7L 4R6
297,"OTTAWA GLOUCESTER, ON",2010 OGILVIE ROAD,,2010 OGILVIE ROAD,GLOUCESTER,ON,K1J 8X3
298,"ALMA, QC","50, BOUL. ST. LUC",,"50, BOUL. ST. LUC",ALMA,QC,G8B 6K1
299,"CALGARY DALHOUSIE NW, AB",5404 DALTON DRIVE N.W.,,5404 DALTON DRIVE N.W.,CALGARY,AB,T3A 2C3
300,"LAVAL CARREFOUR, QC",1450 BLVD. LE CORBUSIER,,1450 BLVD. LE CORBUSIER,LAVAL,QC,H7N 6J5
301,"NORTH BATTLEFORD, SK",11802 RAILWAY AVENUE EAST,,11802 RAILWAY AVENUE EAST,NORTH BATTLEFORD,SK,S9A 3P7
302,"CALGARY WESTHILLS, AB",5200 RICHMOND ROAD S.W.,RICHMOND SQUARE,"5200 RICHMOND ROAD S.W.,  RICHMOND SQUARE",CALGARY,AB,T3E 6M9
303,"POINTE AUX TREMBLES, QC",3500 BOUL. DU TRICENTENAIRE,,3500 BOUL. DU TRICENTENAIRE,MONTREAL,QC,H1B 0A3
304,"EDMONTON SOUTH, AB",SOUTH EDMONTON COMMON,2110 - 101ST STREET,"SOUTH EDMONTON COMMON,  2110 - 101ST STREET",EDMONTON,AB,T6N 1J2
305,"BRAMPTON BRAMALEA, ON",2850 QUEEN STREET E,,2850 QUEEN STREET E,BRAMPTON,ON,L6S 6E9
306,"LA MALBAIE, QC",375 BOUL. DE COMPORTE,BOX 118,"375 BOUL. DE COMPORTE,  BOX 118",LA MALBAIE,QC,G5A 1H9
307,"SEPT-ILES, QC",402 BOUL. LAURE,,402 BOUL. LAURE,SEPT-ILES,QC,G4R 1X5
308,"TROIS-RIVIERES, QC",3525 BOUL. DES FORGES,,3525 BOUL. DES FORGES,TROIS RIVIERES,QC,G8Y 4P2
309,"OROMOCTO, NB",345 MIRAMICHI ROAD,,345 MIRAMICHI ROAD,OROMOCTO,NB,E2V 4T4
310,"REGINA SOUTH, SK",2965 GORDON RD.,,2965 GORDON RD.,REGINA,SK,S4S 6H7
312,"TERREBONNE, QC","1250, BOUL. MOODY",,"1250, BOUL. MOODY",TERREBONNE,QC,J6W 3K9
313,"CALGARY SOUTHLAND AND MACLEOD, AB",9940 MACLEOD TRAIL SE,,9940 MACLEOD TRAIL SE,CALGARY,AB,T2J 3K9
315,"MATANE, QC",145 RUE PIUZE,,145 RUE PIUZE,MATANE,QC,G4W 0H7
317,"PRINCE ALBERT, SK",3725 - 2ND AVENUE WEST,,3725 - 2ND AVENUE WEST,PRINCE ALBERT,SK,S6W 1A1
318,"AYLMER, QC","213, BOUL. DES GRIVES",,"213, BOUL. DES GRIVES",GATINEAU,QC,J9A 0C7
319,"PORT AUX BASQUES, NL",2 HIGH STREET,P.O. BOX 160,"2 HIGH STREET,  P.O. BOX 160",PORT AUX BASQUES,NL,A0M 1C0
320,"RIMOUSKI, QC","419 BOUL. JESSOP, LOCAL 1",CENTRE-AUTO: LOCAL 38,"419 BOUL. JESSOP, LOCAL 1,  CENTRE-AUTO: LOCAL 38",RIMOUSKI,QC,G5L 7Y5
321,"DUFFERIN & 407, ON",8081 DUFFERIN STREET,,8081 DUFFERIN STREET,THORNHILL,ON,L4J 8R9
322,"FORT SASKATCHEWAN, AB",9510 - 86TH AVE.,CORNERSTONE MALL,"9510 - 86TH AVE.,  CORNERSTONE MALL",FORT SASKATCHEWAN,AB,T8L 4P4
323,"RIVIERE DU LOUP, QC","237, BOUL. DE L'HOTEL DE VILLE",,"237, BOUL. DE L'HOTEL DE VILLE",RIVIERE DU LOUP,QC,G5R 4E5
324,"PICKERING, ON",1735 PICKERING PKWY,,1735 PICKERING PKWY,PICKERING,ON,L1V 7C7
325,"STEPHENVILLE, NL",54 PRINCE RUPERT DRIVE,,54 PRINCE RUPERT DRIVE,STEPHENVILLE,NL,A2N 3W7
326,"CALGARY PACIFIC PLACE, AB",3516 8TH AVE. N.E.,,3516 8TH AVE. N.E.,CALGARY,AB,T2A 6K5
328,"MEDICINE HAT, AB",1971 STRACHAN RD SE,,1971 STRACHAN RD SE,MEDICINE HAT,AB,T1B 0G4
329,"RED DEER, AB",2510 50TH AVENUE,,2510 50TH AVENUE,RED DEER,AB,T4R 1M3
330,"WETASKIWIN, AB",3851 - 56TH STREET,,3851 - 56TH STREET,WETASKIWIN,AB,T9A 2B1
331,"DAUPHIN, MB",1500 MAIN ST. SOUTH,,1500 MAIN ST. SOUTH,DAUPHIN,MB,R7N 1M8
332,"BOUCHERVILLE, QC",1055 BOUL. DE MONTARVILLE,,1055 BOUL. DE MONTARVILLE,BOUCHERVILLE,QC,J4B 6P5
333,"MOUNT PEARL, NL",26 MERCHANT DRIVE,,26 MERCHANT DRIVE,MOUNT PEARL,NL,A1N 5J5
334,"EDMONTON ST.ALBERT, AB",40 BELLEROSE DRIVE,,40 BELLEROSE DRIVE,ST. ALBERT,AB,T8N 6M3
335,"LA BAIE, QC",2300 RUE BAGOT,,2300 RUE BAGOT,LA BAIE,QC,G7B 3Z3
336,"OSHAWA NORTH, ON",1333 WILSON RD.N.,,1333 WILSON RD.N.,OSHAWA,ON,L1K 2B8
337,"FREDERICTON NORTH, NB",75 TWO NATIONS CROSSING,,75 TWO NATIONS CROSSING,FREDERICTON,NB,E3A 0T3
339,"FORT MCMURRAY - MAIN STORE, AB",1 HOSPITAL STREET,,1 HOSPITAL STREET,FORT MCMURRAY,AB,T9H 5C1
341,"LLOYDMINSTER, AB",4215 - 70TH AVENUE,,4215 - 70TH AVENUE,LLOYDMINSTER,AB,T9V 2X2
342,"QUEBEC LES SAULES, QC",4500 RUE ARMAND-VIAU,,4500 RUE ARMAND-VIAU,QUEBEC,QC,G2C 2B9
343,"MONTREAL BELLECHASSE, QC","6275, BOUL. ST. LAURENT",,"6275, BOUL. ST. LAURENT",MONTREAL,QC,H2S 3C3
344,"GRANDE PRAIRIE, AB",11601 - 104 AVENUE,,11601 - 104 AVENUE,GRANDE PRAIRIE,AB,T8V 3X9
345,"WINNIPEG MCPHILLIPS, MB",2305 MCPHILLIPS STREET,,2305 MCPHILLIPS STREET,WINNIPEG,MB,R2V 3E1
346,"MISS.MAVIS & DUNDAS, ON",3050 MAVIS RD.,,3050 MAVIS RD.,MISSISSAUGA,ON,L5C 1T8
347,"EDMONTON MANNING DR., AB",3650 158TH AVENUE NW,,3650 158TH AVENUE NW,EDMONTON,AB,T5Y OS5
348,"SHERBROOKE FLEURIMONT, QC","1645, RUE KING EST",,"1645, RUE KING EST",SHERBROOKE,QC,J1G 5G7
349,"SAINT JOHN FAIRVILLE, NB",885 FAIRVILLE BLVD.,,885 FAIRVILLE BLVD.,SAINT JOHN,NB,E2M 5T9
350,"COURTENAY, BC",2801 CLIFFE AVENUE,,2801 CLIFFE AVENUE,COURTENAY,BC,V9N 2L8
351,"PENTICTON, BC",960 RAILWAY STREET,,960 RAILWAY STREET,PENTICTON,BC,V2A 8N2
352,"LA TUQUE, QC",1200 BL. DUCHARME,,1200 BL. DUCHARME,LA TUQUE,QC,G9X 3Z9
353,"KELOWNA, BC",1655 LECKIE ROAD,,1655 LECKIE ROAD,KELOWNA,BC,V1X 6E4
355,"KAMLOOPS SOUTH, BC",1441 HILLSIDE DRIVE,,1441 HILLSIDE DRIVE,KAMLOOPS S.,BC,V2E 1A9
356,"KAMLOOPS NORTH, BC",944 - 8TH STREET,,944 - 8TH STREET,KAMLOOPS N.,BC,V2B 2X5
358,"WINKLER, MB",781 NORQUAY DRIVE,,781 NORQUAY DRIVE,WINKLER,MB,R6W 0H9
360,"PRINCE GEORGE, BC",5008 DOMANO BLVD.,,5008 DOMANO BLVD.,PRINCE GEORGE,BC,V2N 4V8
361,"VERNON, BC",345-4900 27TH STREET,,345-4900 27TH STREET,VERNON,BC,V1T 7G7
362,"NANAIMO, BC",4585 UPLANDS DR.,,4585 UPLANDS DR.,NANAIMO,BC,V9T 6M8
363,"FORT ST. JOHN, BC",9820 - 93RD AVE.,,9820 - 93RD AVE.,FORT ST. JOHN,BC,V1J 6J8
365,"VICTORIA HILLSIDE CENTRE, BC",1610 HILLSIDE AVENUE,,1610 HILLSIDE AVENUE,VICTORIA,BC,V8T 2C5
366,"VICTORIA LANGFORD, BC",855 LANGFORD PARKWAY,WESTSHORE TOWN CENTRE,"855 LANGFORD PARKWAY,  WESTSHORE TOWN CENTRE",VICTORIA,BC,V9B 4V5
368,"VICTORIA VIEW ROYAL, BC",1519 ADMIRALS ROAD,,1519 ADMIRALS ROAD,VIEW ROYAL,BC,V9A 2P8
369,"VICTORIA ROYAL OAK, BC",801 ROYAL OAK DRIVE,BROADMEAD VILLAGE,"801 ROYAL OAK DRIVE,  BROADMEAD VILLAGE",VICTORIA,BC,V8X 4V1
389,"CAMBIE & 7TH, BC",2290 CAMBIE ST.,,2290 CAMBIE ST.,VANCOUVER,BC,V5Z 2T7
395,"CRANBROOK, BC",120-1500 CRANBROOK ST. NORTH,,120-1500 CRANBROOK ST. NORTH,CRANBROOK,BC,V1C 3S8
396,"DELSON, QC",65 132 ROUTE,,65 132 ROUTE,DELSON,QC,J5B 1H1
397,"EDMONTON NORTH WEST, AB",9603 162ND AVENUE,,9603 162ND AVENUE,EDMONTON,AB,T5Z 3T6
398,"CAMROSE, AB",UNIT 16-6601 48TH AVE,,UNIT 16-6601 48TH AVE,CAMROSE,AB,T4V 3G8
399,"MARKHAM EAST, ON",7650 MARKHAM ROAD,,7650 MARKHAM ROAD,MARKHAM,ON,L3S 4S1
400,"MONTREAL MAISONNEUVE, QC",3025 RUE SHERBROOKE EST,CENTRE D'ACHATS MAISONNEUVE,"3025 RUE SHERBROOKE EST,  CENTRE D'ACHATS MAISONNEUVE",MONTREAL,QC,H1W 1B2
401,"COTE DES NEIGES, QC",6700 CHEMIN DE LA COTE-DES-NEIGES,SUITE 240,"6700 CHEMIN DE LA COTE-DES-NEIGES,  SUITE 240",MONTREAL,QC,H3S 2B2
405,"LEBOURGNEUF, QC","5500, BOUL. DES GRADINS",,"5500, BOUL. DES GRADINS",QUEBEC,QC,G2J 1A1
406,"HEARST, ON",1330 FRONT STREET,,1330 FRONT STREET,HEARST,ON,P0L 1N0
407,"AIRDRIE, AB",300-202 VETERAN'S BLVD. NE,,300-202 VETERAN'S BLVD. NE,AIRDRIE,AB,T4B 3P2
408,"WEYBURN, SK",1240 SIMS AVENUE,,1240 SIMS AVENUE,WEYBURN,SK,S4H 3N9
410,"VEGREVILLE, AB",6623 HIGHWAY 16A WEST,,6623 HIGHWAY 16A WEST,VEGREVILLE,AB,T9C 0A3
411,"BRAMPTON TRINITY COMMON, ON",10 GREAT LAKES DRIVE,,10 GREAT LAKES DRIVE,BRAMPTON,ON,L6R 2K7
412,"BURLINGTON NORTH, ON","2070 APPLEBY LINE, UNIT J",,"2070 APPLEBY LINE, UNIT J",BURLINGTON,ON,L7L 6M6
416,"STE. MARIE DE BEAUCE, QC",980 BOUL. VACHON NORD,,980 BOUL. VACHON NORD,STE.-MARIE DE BEAUCE,QC,G6E 1M2
417,"KINGSTON TOWNSHIP, ON",2560 PRINCESS STREET,HWY #2 & GARDINER'S ROAD,"2560 PRINCESS STREET,  HWY #2 & GARDINER'S ROAD",KINGSTON,ON,K7P 2S8
418,"ROSEMERE, QC",10 BOUL. BOUTHILLIER,PLACE ROSEMERE,"10 BOUL. BOUTHILLIER,  PLACE ROSEMERE",ROSEMERE,QC,J7A 4B4
419,"CALGARY DEERFOOT CITY NE, AB",910 57TH AVENUE NE,,910 57TH AVENUE NE,CALGARY,AB,T2E 9B7
420,"KITCHENER WEST, ON",1400 OTTAWA STREET SOUTH,,1400 OTTAWA STREET SOUTH,KITCHENER,ON,N2E 4E2
422,"OTTAWA ORLEANS, ON",3910 INNES ROAD,,3910 INNES ROAD,OTTAWA (ORLEANS),ON,K1W 1K9
423,"DONNACONA, QC",223 138 ROUTE,,223 138 ROUTE,DONNACONA,QC,G3M 1C1
424,"OAK., WINSTON CHURCHILL, ON",2510 HYDE PARK GATE,,2510 HYDE PARK GATE,OAKVILLE,ON,L6H 6M2
425,"LONDON NORTH, ON",1875 HYDE PARK ROAD,,1875 HYDE PARK ROAD,LONDON,ON,N6H 0A3
426,"LANGLEY, BC",6312 200TH STREET,,6312 200TH STREET,LANGLEY,BC,V2Y 1A1
427,"SCARBOROUGH EAST, ON",111 RYLANDER BLVD.,,111 RYLANDER BLVD.,SCARBOROUGH,ON,M1B 4X3
428,"SHERWOOD PARK, AB",169 ORDZE AVENUE,,169 ORDZE AVENUE,SHERWOOD PARK,AB,T8B 1M6
429,"OAKVILLE NORTH, ON",400 DUNDAS ST. E.,,400 DUNDAS ST. E.,OAKVILLE,ON,L6H 6Z9
433,"CHILLIWACK, BC",7560 VEDDER ROAD,,7560 VEDDER ROAD,CHILLIWACK,BC,V2R 4E7
434,"ABBOTSFORD, BC",32513 SOUTH FRASER WAY,,32513 SOUTH FRASER WAY,ABBOTSFORD,BC,V2T 4N5
435,"MONTREAL DOWNTOWN, QC",1500 ATWATER AVE. W.,ALEXIS NIHON PLAZA,"1500 ATWATER AVE. W.,  ALEXIS NIHON PLAZA",MONTREAL,QC,H3Z 1X5
436,"HALIFAX - COLE HARBOUR, NS",24 FOREST HILLS PKWY,,24 FOREST HILLS PKWY,DARTMOUTH,NS,B2W 6E4
437,"CAMPBELL RIVER, BC",1444 ISLAND HWY.,,1444 ISLAND HWY.,CAMPBELL RIVER,BC,V9W 8C9
438,"WILLIAMS LAKE, BC",1050 SOUTH LAKESIDE DRIVE,,1050 SOUTH LAKESIDE DRIVE,WILLIAMS LAKE,BC,V2G 3A6
439,"DRUMHELLER, AB",#100-650 SOUTH RAILWAY AVENUE,P.O. BOX 1270,"#100-650 SOUTH RAILWAY AVENUE,  P.O. BOX 1270",DRUMHELLER,AB,T0J 0Y0
441,"LETHBRIDGE, AB",1240 2ND AVENUE A NORTH,CENTRE VILLAGE MALL,"1240 2ND AVENUE A NORTH,  CENTRE VILLAGE MALL",LETHBRIDGE,AB,T1H 0E4
442,"BARRHAVEN, ON",2501 GREENBANK ROAD,,2501 GREENBANK ROAD,NEPEAN,ON,K2J 4Y6
443,"SURREY (NEWTON), BC",7599 KING GEORGE BOULEVARD,,7599 KING GEORGE BOULEVARD,SURREY (NEWTON),BC,V3W 5A8
444,"BARRIE SOUTH, ON",75 MAPLEVIEW DRIVE WEST,,75 MAPLEVIEW DRIVE WEST,BARRIE,ON,L4N 9H7
445,"SUDBURY SOUTH, ON",2259 REGENT ST.,,2259 REGENT ST.,SUDBURY,ON,P3E 5M9
446,"BRADFORD, ON",430 HOLLAND STREET WEST,,430 HOLLAND STREET WEST,BRADFORD,ON,L3Z 0G1
447,"SELKIRK, MB",1041 MANITOBA AVENUE,,1041 MANITOBA AVENUE,SELKIRK,MB,R1A 3T7
448,"LEDUC, AB",5402 DISCOVERY WAY,,5402 DISCOVERY WAY,LEDUC,AB,T9E 8L9
449,"SPRUCE GROVE, AB",38 MCLEOD AVENUE,,38 MCLEOD AVENUE,SPRUCE GROVE,AB,T7X 3Y2
450,"COLD LAKE, AB",6703 - 51ST ST.,,6703 - 51ST ST.,COLD LAKE,AB,T9M 1Z9
451,"MARATHON, ON",3 PENINSULA ROAD,P.O. BOX 1660,"3 PENINSULA ROAD,  P.O. BOX 1660",MARATHON,ON,P0T 2E0
452,"WHITEHORSE, YT",18 CHILKOOT WAY,,18 CHILKOOT WAY,WHITEHORSE,YT,Y1A 6T5
453,"YELLOWKNIFE, NT",328 OLD AIRPORT RD,,328 OLD AIRPORT RD,YELLOWKNIFE,NT,X1A 3T3
454,"RIVIERES DES PRAIRIES, QC","7555, BOUL. MAURICE-DUPLESSIS",,"7555, BOUL. MAURICE-DUPLESSIS",MONTREAL,QC,H1E 7N2
455,"HINTON, AB",868 MEIER STREET,,868 MEIER STREET,HINTON,AB,T7V 1Y6
456,"GASPE, QC",39 MONTEE DE SANDY BEACH,C.P.37,"39 MONTEE DE SANDY BEACH,  C.P.37",GASPE,QC,G4X 2A9
457,"KANATA, ON",8181 CAMPEAU DRIVE,,8181 CAMPEAU DRIVE,KANATA,ON,K2T 1B7
458,"ROBERVAL, QC",1056 BOUL. OLIVIER-VIEN,,1056 BOUL. OLIVIER-VIEN,ROBERVAL,QC,G8H 3G3
459,"EGLINTON & LAIRD, ON",825 EGLINTON AVENUE EAST,,825 EGLINTON AVENUE EAST,TORONTO,ON,M4G 4G9
460,"WHITBY NORTH, ON",4100 GARDEN STREET AT TAUNTON ROAD,,4100 GARDEN STREET AT TAUNTON ROAD,WHITBY,ON,L1R 3K5
461,"MONT-TREMBLANT, QC",370 ROUTE #117,,370 ROUTE #117,MONT-TREMBLANT,QC,J8E 2X3
462,"CALGARY SHAWNESSY SE, AB",250 SHAWVILLE WAY SE,,250 SHAWVILLE WAY SE,CALGARY,AB,T2Y 3J1
463,"PASPEBIAC, QC","49, BOUL. GERARD-D-LEVESQUE EST",C.P.69,"49, BOUL. GERARD-D-LEVESQUE EST,  C.P.69",PASPEBIAC,QC,G0C 2K0
465,"HALIFAX - BAYERS LAKE, NS",194 CHAIN LAKE DRIVE,,194 CHAIN LAKE DRIVE,HALIFAX,NS,B3S 1C5
466,"DUNCAN, BC",2929 GREEN ROAD,,2929 GREEN ROAD,DUNCAN,BC,V9L 0C1
467,"EDMONTON DOWNTOWN, AB",11839 KINGSWAY AVENUE NW,,11839 KINGSWAY AVENUE NW,EDMONTON,AB,T5G 3J7
468,"MARYSTOWN, NL",25-49 COLUMBIA DRIVE,P.0. BOX 250,"25-49 COLUMBIA DRIVE,  P.0. BOX 250",MARYSTOWN,NL,A0E 2M0
469,"CANMORE, AB",1110 GATEWAY AVENUE,,1110 GATEWAY AVENUE,CANMORE,AB,T1W 0J1
474,"PEACE RIVER, AB",7713 - 100TH AVENUE,,7713 - 100TH AVENUE,PEACE RIVER,AB,T8S 1M5
475,"OLDS, AB","UNIT #600, 6900-46TH STREET",,"UNIT #600, 6900-46TH STREET",OLDS,AB,T4H 0A2
476,"ROTHESAY, NB",160 HAMPTON ROAD,,160 HAMPTON ROAD,ROTHESAY,NB,E2E 2R3
477,"EDSON, AB",5919 2 AVENUE,,5919 2 AVENUE,EDSON,AB,T7E 1L8
478,"EDMONTON MILLWOODS, AB",2331 66TH STREET NW,,2331 66TH STREET NW,EDMONTON,AB,T6K 4B5
479,"MISSION, BC",32545 LONDON AVENUE,,32545 LONDON AVENUE,MISSION,BC,V2V 6M7
480,"POWELL RIVER, BC",4720 JOYCE AVE.,,4720 JOYCE AVE.,POWELL RIVER,BC,V8A 3B5
481,"MAPLE RIDGE, BC",11969 - 200TH STREET,,11969 - 200TH STREET,MAPLE RIDGE,BC,V2X 3M7
482,"SALMON ARM, BC",300-1151 - 10TH AVE SW,,300-1151 - 10TH AVE SW,SALMON ARM,BC,V1E 1T3
483,"SQUAMISH, BC",1851 MAMQUAM ROAD,,1851 MAMQUAM ROAD,SQUAMISH,BC,V8B 0H5
484,"ST. BRUNO, QC",900 RUE DE L'ETANG,,900 RUE DE L'ETANG,ST. BRUNO,QC,J3V 6K8
485,"DUFFERIN & FINCH AUTO CTR, ON",4400 DUFFERIN STREET,,4400 DUFFERIN STREET,NORTH YORK,ON,M3H 6A8
486,"TERRACE, BC",5100 HWY. 16 WEST,,5100 HWY. 16 WEST,TERRACE,BC,V8G 5S5
487,"QUESNEL, BC",570 NEWMAN ROAD,,570 NEWMAN ROAD,QUESNEL,BC,V2J 6Z8
488,"PORT ALBERNI, BC","3550 JOHNSTON ROAD, UNIT 51",,"3550 JOHNSTON ROAD, UNIT 51",PORT ALBERNI,BC,V9Y 7W8
489,"SURREY (WHALLEY), BC",13665-102ND AVE.,,13665-102ND AVE.,SURREY (NORTH),BC,V3T 1N7
490,"PARKSVILLE, BC",822 ISLAND HIGHWAY WEST,,822 ISLAND HIGHWAY WEST,PARKSVILLE,BC,V9P 2B7
491,"TRACADIE - SHEILA, NB",450 RUE DU MOULIN,,450 RUE DU MOULIN,TRACADIE - SHEILA,NB,E1X 1A4
492,"CASTLEGAR, BC",2000 COLUMBIA AVENUE,,2000 COLUMBIA AVENUE,CASTLEGAR,BC,V1N 2W7
493,"COCHRANE, AB","55 QUARRY STREET, EAST",,"55 QUARRY STREET, EAST",COCHRANE,AB,T4C 0W6
494,"LONDON AUTO CENTRE, ON",378 HORTON STREET EAST,,378 HORTON STREET EAST,LONDON,ON,N6B 1L7
496,"CALGARY COUNTRY HILLS, AB",200-388 COUNTRY HILLS BLVD. N.E.,,200-388 COUNTRY HILLS BLVD. N.E.,CALGARY,AB,T3K 5J6
497,"MISSISSAUGA HEARTLAND, ON",5970 MAVIS ROAD,,5970 MAVIS ROAD,MISSISSAUGA,ON,L5V 2P5
600,"TORONTO EATON CENTRE, ON",65 DUNDAS ST WEST,,65 DUNDAS ST WEST,TORONTO,ON,M5G 2C3
601,"NORTH VANCOUVER MAIN, BC",1350 MAIN STREET,,1350 MAIN STREET,NORTH VANCOUVER,BC,V7J 1C6
603,"BURNABY SOUTH, BC",7200 MARKET CROSSING,,7200 MARKET CROSSING,BURNABY,BC,V5J 0A2
604,"VANCOUVER, GRANDVIEW & BOUNDARY, BC",2830 BENTALL STREET,,2830 BENTALL STREET,VANCOUVER,BC,V5M 4H4
605,"VANCOUVER, SW MARINE, BC",8277 ONTARIO STREET,,8277 ONTARIO STREET,VANCOUVER,BC,V5X 0A7
606,"RICHMOND, BC",3500 NO. 3 ROAD,,3500 NO. 3 ROAD,RICHMOND,BC,V6X 2C1
608,"COQUITLAM, BC",1200 SEGUIN DRIVE,,1200 SEGUIN DRIVE,COQUITLAM,BC,V3K 6W8
609,"PORT COQUITLAM, BC",2125 HAWKINS STREET,,2125 HAWKINS STREET,PORT COQUITLAM,BC,V3B 0G6
610,"S. RICHMOND, BC",11388 STEVESTON HWY,,11388 STEVESTON HWY,SOUTH RICHMOND,BC,V7A 5J5
611,"CALGARY BEACON HILLS NW, AB",11940 SARCEE TRAIL NW,,11940 SARCEE TRAIL NW,CALGARY,AB,T3R 0A1
612,"WESTBANK, BC",101-3550 CARRINGTON ROAD,,101-3550 CARRINGTON ROAD,WESTBANK,BC,V4T 2Z1
613,"ROCKY MOUNTAIN HOUSE, AB",5440-46 STREET,,5440-46 STREET,ROCKY MOUNTAIN HOUSE,AB,T4T 1B7
614,"EDMONTON CAPILANO, AB",9847-50TH STREET NW,,9847-50TH STREET NW,EDMONTON,AB,T6A 3X5
615,"DRAYTON VALLEY, AB",5201 POWER CENTRE BLVD.,,5201 POWER CENTRE BLVD.,DRAYTON VALLEY,AB,T7A 0A5
616,"ELMIRA, ON",325A ARTHUR ST SOUTH,,325A ARTHUR ST SOUTH,ELMIRA,ON,N3B 3L5
618,"TANTALLON, NS",5130 ST. MARGARETS BAY ROAD,,5130 ST. MARGARETS BAY ROAD,UPPER TANTALLON,NS,B3Z 1E2
619,"ELMSDALE, NS","269 HIGHWAY 214, UNIT 100",,"269 HIGHWAY 214, UNIT 100",ELMSDALE,NS,B2S 1K1
621,"LIBERTY VILLAGE, ON",5 JOE SHUSTER WAY,,5 JOE SHUSTER WAY,TORONTO,ON,M6K 0C7
622,"WHITE ROCK, BC",3059-152 STREET,,3059-152 STREET,WHITEROCK,BC,V4P 3K1
623,"ROCKLAND, ON",9040 COUNTY RD. #17,,9040 COUNTY RD. #17,ROCKLAND,ON,K4K 1V5
624,"ST. ROMUALD, QC",600 RUE DE LA CONCORDE,,600 RUE DE LA CONCORDE,ST. ROMUALD,QC,G6W 8A8
625,"CASSELMAN, ON",95 LAFLECHE BLVD,,95 LAFLECHE BLVD,CASSELMAN,ON,K0A 1M0
626,"CHAMBLY, QC","3400, BOUL. FRECHETTE",,"3400, BOUL. FRECHETTE",CHAMBLY,QC,J3L 6Z6
627,"ST. JACQUES - MONTREAL, QC","7200, BOUL. DE SAINTE-ANNE-DE-BELLEVUE",,"7200, BOUL. DE SAINTE-ANNE-DE-BELLEVUE",MONTREAL,QC,H4B 1T4
628,"WAINWRIGHT, AB",2801-13TH AVE.,,2801-13TH AVE.,WAINWRIGHT,AB,T9W 0A2
629,"REGINA EAST, SK",2325 PRINCE OF WALES DRIVE,,2325 PRINCE OF WALES DRIVE,REGINA,SK,S4V 3A4
631,"SMITHERS, BC",3221 HWY 16,PO BOX 669,"3221 HWY 16,  PO BOX 669",SMITHERS,BC,V0J 2N0
633,"LA POCATIERE, QC",175 230 ROUTE OUEST,,175 230 ROUTE OUEST,LA POCATIERE,QC,G0R 1Z0
634,"LETHBRIDGE SOUTH, AB",2720 FAIRWAY RD SOUTH,,2720 FAIRWAY RD SOUTH,LETHBRIDGE,AB,T1K 7A5
635,"FERNIE, BC",1791 9TH AVENUE,P.O. BOX 2637,"1791 9TH AVENUE,  P.O. BOX 2637",FERNIE,BC,V0B 1M5
636,"SECHELT, BC",4380 SUNSHINE COAST HWY,,4380 SUNSHINE COAST HWY,SECHELT,BC,V0N 3A1
637,"CALGARY MCKENZIE TOWNE SE, AB",4155-126 AVENUE SE,,4155-126 AVENUE SE,CALGARY,AB,T2Z 0A1
638,"HUMBOLDT, SK",2302 8TH AVENUE,,2302 8TH AVENUE,HUMBOLDT,SK,S0K 2A0
639,"ANCASTER, ON",1060 WILSON STREET WEST,,1060 WILSON STREET WEST,ANCASTER,ON,L9G 3K9
640,"FLIN FLON, MB",170 PTH NO. 10-A,,170 PTH NO. 10-A,FLIN FLON,MB,R8A 0C6
641,"LA PLAINE, QC",4785 BOUL. LAURIER,,4785 BOUL. LAURIER,TERREBONNE,QC,J7M 1C3
642,"OKOTOKS, AB",100-201 SOUTHRIDGE DR,,100-201 SOUTHRIDGE DR,OKOTOKS,AB,T1S 2C9
643,"BROSSARD, QC","9900, BOUL. LEDUC, QUARTIER DIX30",,"9900, BOUL. LEDUC, QUARTIER DIX30",BROSSARD,QC,J4Y 0B4
645,"RED DEER NORTH, AB","300, 6380-50 AVENUE",,"300, 6380-50 AVENUE",RED DEER NORTH,AB,T4N 4C6
646,"VAUDREUIL, QC",50 DE LA CITE-DES-JEUNES BLVD,,50 DE LA CITE-DES-JEUNES BLVD,VAUDREUIL,QC,J7V 9L5
647,"SHEDIAC, NB",173 MAIN STREET,,173 MAIN STREET,SHEDIAC,NB,E4P 2A5
648,"MONT-LAURIER, QC","1675, BOUL. ALBINY-PAQUETTE",,"1675, BOUL. ALBINY-PAQUETTE",MONT-LAURIER,QC,J9L 1M8
649,"BLAINVILLE, QC",500 BOUL. DE LA SEIGNEURIE OUEST,,500 BOUL. DE LA SEIGNEURIE OUEST,BLAINVILLE,QC,J7C 5T7
650,"CLARENVILLE, NL",27 MANITOBA DRIVE,,27 MANITOBA DRIVE,CLARENVILLE,NL,A5A 1K3
651,"STRATHMORE, AB",109 #900 PINE ROAD,,109 #900 PINE ROAD,STRATHMORE,AB,T1P 0A2
652,"WASAGA BEACH, ON",75 45TH STREET SOUTH,,75 45TH STREET SOUTH,WASAGA BEACH,ON,L9Z 1A7
653,"MAPLE, ON",3200 RUTHERFORD RD,,3200 RUTHERFORD RD,VAUGHAN,ON,L4K 5R3
654,"LESLIE & LAKE SHORE, ON",1025 LAKE SHORE BLVD EAST,,1025 LAKE SHORE BLVD EAST,TORONTO,ON,M4M 1B4
655,"SYLVAN LAKE, AB",200-62 THEVENAZ INDUSTRIAL TRAIL,,200-62 THEVENAZ INDUSTRIAL TRAIL,SYLVAN LAKE,AB,T4S 0B6
656,"MELFORT, SK",300 STONEGATE,500 HIGHWAY 6 SOUTH,"300 STONEGATE,  500 HIGHWAY 6 SOUTH",MELFORT,SK,S0E 1A0
657,"HANMER, ON",5206 HWY 69 NORTH,,5206 HWY 69 NORTH,HANMER,ON,P3P 1Z3
658,"INVERMERE, BC",480 SARAH ROAD,,480 SARAH ROAD,INVERMERE,BC,V0A 1K3
659,"LEITRIM, ON",4776 BANK STREET,,4776 BANK STREET,GLOUCESTER,ON,K1T 0K8
660,"PETERBOROUGH NORTH, ON",1050 CHEMONG ROAD,,1050 CHEMONG ROAD,PETERBOROUGH,ON,K9H 7S2
661,"DAWSON CREEK, BC",11628 8TH STREET,,11628 8TH STREET,DAWSON CREEK,BC,V1G 4R7
664,"BRANTFORD NORTH, ON",30 LYNDEN ROAD,,30 LYNDEN ROAD,BRANTFORD,ON,N3R 8A4
665,"TRAIL, BC",8238 HWY 3B,,8238 HWY 3B,TRAIL,BC,V1R 4W4
667,"ATHABASCA, AB",2913 48 AVENUE,,2913 48 AVENUE,ATHABASCA,AB,T9S 0A4
671,"STETTLER, AB",6607 - 50TH AVENUE,,6607 - 50TH AVENUE,STETTLER,AB,T0C 2L2
674,"WATERLOO WEST, ON",656 ERB STREET WEST,,656 ERB STREET WEST,WATERLOO,ON,N2T 2Z7
675,"BRAMPTON MCLAUGHLIN ROAD, ON",10031 MCLAUGHLIN ROAD,,10031 MCLAUGHLIN ROAD,BRAMPTON,ON,L7A 2X5
676,"EDMONTON WINDERMERE, AB",6014 CURRENTS DRIVE NW,,6014 CURRENTS DRIVE NW,EDMONTON,AB,T6W 0L7
678,"SURREY (SCOTT ROAD), BC",7878 120TH STREET (SCOTT ROAD),,7878 120TH STREET (SCOTT ROAD),SURREY,BC,V3W 3N2
682,"MINDEN, ON",92 WATER STREET,,92 WATER STREET,MINDEN,ON,K0M 2K0
686,"NICOLET, QC",2000 BOUL. LOUIS-FRECHETTE,,2000 BOUL. LOUIS-FRECHETTE,NICOLET,QC,J3T 1M9
687,"INNISFIL, ON",1455 INNISFIL BEACH ROAD,,1455 INNISFIL BEACH ROAD,INNISFIL,ON,L9S 4B2
690,"LAVAL FABREVILLE, QC","544, BOUL. CURE-LABELLE",,"544, BOUL. CURE-LABELLE",FABREVILLE,QC,H7P 2P4
691,"RIVERVIEW, NB",525 PINEWOOD ROAD,,525 PINEWOOD ROAD,RIVERVIEW,NB,E1B 0K3
692,"ANCIENNE LORETTE, QC",1233 AUTOROUTE DUPLESSIS,,1233 AUTOROUTE DUPLESSIS,ANCIENNE-LORETTE,QC,G2G 2B4
694,"KINGSTON DIVISION ST., ON",1040 DIVISION ST.,,1040 DIVISION ST.,KINGSTON,ON,K7K 0C3
695,"WHITECOURT, AB",4721 51ST STREET,P.O.BOX 1140,"4721 51ST STREET,  P.O.BOX 1140",WHITECOURT,AB,T7S 0E8
696,"MERRITT, BC",2761 FORKSDALE AVENUE,,2761 FORKSDALE AVENUE,MERRITT,BC,V1K 1R9
697,"RICHMOND HILL NORTH, ON",11720 YONGE STREET,,11720 YONGE STREET,RICHMOND HILL,ON,L4E 0K4
698,"OLIVER, BC",175-5717 MAIN STREET,,175-5717 MAIN STREET,OLIVER,BC,V0H 1T9
699,"SLAVE LAKE, AB","101 CORNERSTONE, 1500 MAIN STREET SW",,"101 CORNERSTONE, 1500 MAIN STREET SW",SLAVE LAKE,AB,T0G 2A4
900,"ST. PAUL, AB",3929 49 AVENUE,,3929 49 AVENUE,ST PAUL,AB,T0A 3A2
901,"LABRADOR CITY, NL",500 VANIER AVE,,500 VANIER AVE,LABRADOR CITY,NL,A2V 2W7
908,"HIGH LEVEL, AB",1 GATEWAY BLVD.,,1 GATEWAY BLVD.,HIGH LEVEL,AB,T0H 1Z0
909,"HIGH RIVER, AB",1204 - 5TH STREET SE,,1204 - 5TH STREET SE,HIGH RIVER,AB,T1V 0J2
910,"TSAWWASSEN, BC",4949 CANOE PASS WAY UNIT 200,,4949 CANOE PASS WAY UNIT 200,TSAWWASSEN,BC,V4M 0B2
911,"FORT MCMURRAY - OUTDOOR STORE, AB","102, 19 RIEDEL STREET",,"102, 19 RIEDEL STREET",FORT MCMURRAY,AB,T9H 5P8
912,"MARTENSVILLE, SK",230 CENTENNIAL DRIVE NORTH,,230 CENTENNIAL DRIVE NORTH,MARTENSVILLE,SK,S0K 2T0
915,"MELVILLE, SK",290 PRINCE WILLIAM DRIVE,,290 PRINCE WILLIAM DRIVE,MELVILLE,SK,S0A 2P0
916,"SHERWOOD PARK EMERALD HILLS, AB",200 - 3000 EMERALD DRIVE,,200 - 3000 EMERALD DRIVE,SHERWOOD PARK,AB,T8H 0P5
928,"PLACE VERSAILLES, QC","7275 RUE SHERBROOKE EAST, SUITE 140",,"7275 RUE SHERBROOKE EAST, SUITE 140",MONTREAL,QC,H1N 1E9
929,"WINNIPEG GRANT PARK, MB",1080 GRANT AVENUE,,1080 GRANT AVENUE,WINNIPEG,MB,R3M 2A4
930,"CALGARY MOUNT ROYAL,AB","201,906-16TH AVENUE SW",,"201,906-16TH AVENUE SW",CALGARY,AB,T2R 1C1
932,"NORTH SAANICH,BC",10300 MCDONALD PARK ROAD,,10300 MCDONALD PARK ROAD,NORTH SAANICH,BC,V8L 5X7
935,"VICTORIA SERVICE CENTRE, BC",3993 CEDAR HILL ROAD,,3993 CEDAR HILL ROAD,VICTORIA,BC,V8N 4M9
